alue	puolue	value
Alajärvi	kok	16.0
Alavieska	kok	3.4
Alavus	kok	14.8
Asikkala	kok	19.3
Askola	kok	24.9
Aura	kok	28.0
Akaa	kok	23.0
Enonkoski	kok	0.0
Enontekiö	kok	19.3
Espoo	kok	33.7
Eura	kok	12.8
Eurajoki	kok	19.5
Evijärvi	kok	12.8
Forssa	kok	21.0
Haapajärvi	kok	6.4
Haapavesi	kok	5.2
Hailuoto	kok	7.0
Halsua	kok	0.0
Hamina	kok	21.5
Hankasalmi	kok	6.1
Hanko	kok	7.8
Harjavalta	kok	20.9
Hartola	kok	28.5
Hattula	kok	26.5
Hausjärvi	kok	22.6
Heinävesi	kok	14.3
Helsinki	kok	28.4
Vantaa	kok	24.3
Hirvensalmi	kok	14.2
Hollola	kok	27.1
Honkajoki	kok	4.2
Huittinen	kok	22.0
Humppila	kok	21.4
Hyrynsalmi	kok	0.0
Hyvinkää	kok	24.1
Hämeenkyrö	kok	20.0
Hämeenlinna	kok	27.6
Heinola	kok	22.8
Ii	kok	10.9
Iisalmi	kok	15.0
Iitti	kok	13.8
Ikaalinen	kok	18.3
Ilmajoki	kok	21.8
Ilomantsi	kok	5.9
Inari	kok	36.1
Inkoo	kok	16.9
Isojoki	kok	23.7
Isokyrö	kok	21.1
Imatra	kok	27.5
Janakkala	kok	15.3
Joensuu	kok	15.8
Jokioinen	kok	10.4
Joroinen	kok	5.1
Joutsa	kok	21.4
Juuka	kok	4.9
Juupajoki	kok	22.1
Juva	kok	12.9
Jyväskylä	kok	17.4
Jämijärvi	kok	1.9
Jämsä	kok	12.8
Järvenpää	kok	20.1
Kaarina	kok	28.6
Kaavi	kok	11.0
Kajaani	kok	15.0
Kalajoki	kok	12.1
Kangasala	kok	25.8
Kangasniemi	kok	8.3
Kankaanpää	kok	12.0
Kannonkoski	kok	13.8
Kannus	kok	5.0
Karijoki	kok	21.8
Karkkila	kok	16.1
Karstula	kok	14.4
Karvia	kok	14.0
Kaskinen	kok	11.3
Kauhajoki	kok	18.1
Kauhava	kok	20.3
Kauniainen	kok	34.2
Kaustinen	kok	0.0
Keitele	kok	5.5
Kemi	kok	10.7
Keminmaa	kok	4.7
Kempele	kok	14.2
Kerava	kok	23.9
Keuruu	kok	11.8
Kihniö	kok	5.1
Kinnula	kok	14.8
Kirkkonummi	kok	24.6
Kitee	kok	14.3
Kittilä	kok	6.1
Kiuruvesi	kok	19.1
Kivijärvi	kok	12.9
Kokemäki	kok	14.9
Kokkola	kok	11.3
Kolari	kok	2.1
Konnevesi	kok	5.4
Kontiolahti	kok	16.2
Korsnäs	kok	0.0
Koski Tl	kok	22.5
Kotka	kok	24.0
Kouvola	kok	21.7
Kristiinankaupunki	kok	16.3
Kruunupyy	kok	0.4
Kuhmo	kok	7.2
Kuhmoinen	kok	40.6
Kuopio	kok	20.1
Kuortane	kok	25.0
Kurikka	kok	21.9
Kustavi	kok	42.4
Kuusamo	kok	11.7
Outokumpu	kok	8.1
Kyyjärvi	kok	14.2
Kärkölä	kok	11.4
Kärsämäki	kok	10.4
Kemijärvi	kok	9.4
Kemiönsaari	kok	3.1
Lahti	kok	23.5
Laihia	kok	22.5
Laitila	kok	13.0
Lapinlahti	kok	6.1
Lappajärvi	kok	6.0
Lappeenranta	kok	19.4
Lapinjärvi	kok	11.4
Lapua	kok	30.3
Laukaa	kok	12.3
Lemi	kok	23.0
Lempäälä	kok	28.6
Leppävirta	kok	10.4
Lestijärvi	kok	0.0
Lieksa	kok	8.2
Lieto	kok	26.6
Liminka	kok	9.2
Liperi	kok	10.7
Loimaa	kok	23.6
Loppi	kok	26.0
Loviisa	kok	9.7
Luhanka	kok	31.0
Lumijoki	kok	7.4
Luoto	kok	0.0
Luumäki	kok	25.4
Lohja	kok	18.5
Parainen	kok	11.7
Maalahti	kok	0.1
Marttila	kok	31.1
Masku	kok	26.4
Merijärvi	kok	0.0
Merikarvia	kok	12.4
Miehikkälä	kok	25.8
Mikkeli	kok	21.9
Muhos	kok	6.4
Multia	kok	5.3
Muonio	kok	19.0
Mustasaari	kok	1.6
Muurame	kok	17.2
Mynämäki	kok	21.1
Myrskylä	kok	18.1
Mäntsälä	kok	20.6
Mäntyharju	kok	19.8
Mänttä-Vilppula	kok	12.7
Naantali	kok	35.4
Nakkila	kok	20.9
Nivala	kok	8.0
Nokia	kok	20.6
Nousiainen	kok	27.1
Nurmes	kok	6.6
Nurmijärvi	kok	27.7
Närpiö	kok	0.0
Orimattila	kok	22.4
Oripää	kok	28.8
Orivesi	kok	27.7
Oulainen	kok	12.8
Oulu	kok	19.1
Padasjoki	kok	31.7
Paimio	kok	26.2
Paltamo	kok	6.7
Parikkala	kok	15.4
Parkano	kok	16.9
Pelkosenniemi	kok	0.0
Perho	kok	4.3
Pertunmaa	kok	15.8
Petäjävesi	kok	10.6
Pieksämäki	kok	14.0
Pielavesi	kok	9.0
Pietarsaari	kok	2.0
Pedersören kunta	kok	0.0
Pihtipudas	kok	4.6
Pirkkala	kok	30.1
Polvijärvi	kok	6.2
Pomarkku	kok	21.9
Pori	kok	21.8
Pornainen	kok	16.3
Posio	kok	0.0
Pudasjärvi	kok	5.9
Pukkila	kok	26.2
Punkalaidun	kok	22.4
Puolanka	kok	2.9
Puumala	kok	9.0
Pyhtää	kok	23.3
Pyhäjoki	kok	9.2
Pyhäjärvi	kok	2.4
Pyhäntä	kok	5.1
Pyhäranta	kok	52.3
Pälkäne	kok	36.6
Pöytyä	kok	27.0
Porvoo	kok	13.7
Raahe	kok	8.2
Raisio	kok	25.7
Rantasalmi	kok	6.9
Ranua	kok	14.1
Rauma	kok	17.7
Rautalampi	kok	11.4
Rautavaara	kok	0.0
Rautjärvi	kok	4.7
Reisjärvi	kok	5.9
Riihimäki	kok	21.2
Ristijärvi	kok	11.2
Rovaniemi	kok	21.2
Ruokolahti	kok	13.1
Ruovesi	kok	24.5
Rusko	kok	30.1
Rääkkylä	kok	0.8
Raasepori	kok	5.9
Saarijärvi	kok	9.0
Salla	kok	3.7
Salo	kok	22.9
Sauvo	kok	21.9
Savitaipale	kok	10.7
Savonlinna	kok	12.7
Savukoski	kok	30.8
Seinäjoki	kok	27.4
Sievi	kok	4.4
Siikainen	kok	0.0
Siikajoki	kok	10.4
Siilinjärvi	kok	11.1
Simo	kok	6.6
Sipoo	kok	24.0
Siuntio	kok	28.5
Sodankylä	kok	14.5
Soini	kok	8.8
Somero	kok	19.3
Sonkajärvi	kok	6.0
Sotkamo	kok	16.2
Sulkava	kok	11.8
Suomussalmi	kok	9.4
Suonenjoki	kok	12.4
Sysmä	kok	31.0
Säkylä	kok	12.2
Vaala	kok	0.0
Sastamala	kok	21.3
Siikalatva	kok	0.0
Taipalsaari	kok	16.2
Taivalkoski	kok	0.0
Taivassalo	kok	31.4
Tammela	kok	15.9
Tampere	kok	21.6
Tervo	kok	16.6
Tervola	kok	1.3
Teuva	kok	26.5
Tohmajärvi	kok	10.6
Toholampi	kok	12.6
Toivakka	kok	8.3
Tornio	kok	8.5
Turku	kok	23.3
Pello	kok	5.9
Tuusniemi	kok	9.5
Tuusula	kok	20.9
Tyrnävä	kok	5.7
Ulvila	kok	21.3
Urjala	kok	22.5
Utajärvi	kok	3.3
Utsjoki	kok	21.4
Uurainen	kok	5.8
Uusikaarlepyy	kok	0.0
Uusikaupunki	kok	17.8
Vaasa	kok	15.7
Valkeakoski	kok	21.8
Valtimo	kok	3.5
Varkaus	kok	21.6
Vehmaa	kok	16.9
Vesanto	kok	7.7
Vesilahti	kok	31.3
Veteli	kok	0.0
Vieremä	kok	3.7
Vihti	kok	23.3
Viitasaari	kok	6.6
Vimpeli	kok	0.0
Virolahti	kok	16.4
Virrat	kok	20.2
Vöyri	kok	0.5
Ylitornio	kok	3.2
Ylivieska	kok	12.1
Ylöjärvi	kok	22.3
Ypäjä	kok	25.7
Ähtäri	kok	18.0
Äänekoski	kok	7.7
Alajärvi	ps	18.1
Alavieska	ps	15.4
Alavus	ps	17.3
Asikkala	ps	9.4
Askola	ps	5.3
Aura	ps	12.6
Akaa	ps	7.8
Enonkoski	ps	6.8
Enontekiö	ps	0.0
Espoo	ps	9.8
Eura	ps	5.6
Eurajoki	ps	11.2
Evijärvi	ps	3.5
Forssa	ps	7.1
Haapajärvi	ps	9.9
Haapavesi	ps	13.4
Hailuoto	ps	7.7
Halsua	ps	12.3
Hamina	ps	16.4
Hankasalmi	ps	12.0
Hanko	ps	6.1
Harjavalta	ps	5.5
Hartola	ps	11.7
Hattula	ps	7.0
Hausjärvi	ps	8.7
Heinävesi	ps	12.3
Helsinki	ps	6.7
Vantaa	ps	12.3
Hirvensalmi	ps	8.0
Hollola	ps	16.6
Honkajoki	ps	28.5
Huittinen	ps	14.8
Humppila	ps	2.2
Hyrynsalmi	ps	6.6
Hyvinkää	ps	12.8
Hämeenkyrö	ps	14.3
Hämeenlinna	ps	11.3
Heinola	ps	7.7
Ii	ps	5.0
Iisalmi	ps	6.3
Iitti	ps	0.0
Ikaalinen	ps	17.4
Ilmajoki	ps	11.2
Ilomantsi	ps	13.8
Inari	ps	2.4
Inkoo	ps	1.6
Isojoki	ps	12.7
Isokyrö	ps	6.8
Imatra	ps	13.2
Janakkala	ps	10.2
Joensuu	ps	9.0
Jokioinen	ps	5.7
Joroinen	ps	4.2
Joutsa	ps	10.1
Juuka	ps	9.4
Juupajoki	ps	5.4
Juva	ps	11.4
Jyväskylä	ps	8.1
Jämijärvi	ps	11.4
Jämsä	ps	11.0
Järvenpää	ps	8.8
Kaarina	ps	9.3
Kaavi	ps	14.7
Kajaani	ps	11.6
Kalajoki	ps	3.4
Kangasala	ps	11.1
Kangasniemi	ps	8.0
Kankaanpää	ps	24.3
Kannonkoski	ps	5.2
Kannus	ps	13.3
Karijoki	ps	16.2
Karkkila	ps	7.0
Karstula	ps	11.6
Karvia	ps	18.0
Kaskinen	ps	13.6
Kauhajoki	ps	21.3
Kauhava	ps	13.9
Kauniainen	ps	3.6
Kaustinen	ps	26.2
Keitele	ps	17.5
Kemi	ps	6.1
Keminmaa	ps	4.6
Kempele	ps	7.9
Kerava	ps	11.0
Keuruu	ps	11.2
Kihniö	ps	30.5
Kinnula	ps	3.4
Kirkkonummi	ps	7.9
Kitee	ps	18.8
Kittilä	ps	11.0
Kiuruvesi	ps	5.7
Kivijärvi	ps	0.0
Kokemäki	ps	10.0
Kokkola	ps	7.2
Kolari	ps	0.7
Konnevesi	ps	6.1
Kontiolahti	ps	10.2
Korsnäs	ps	0.0
Koski Tl	ps	4.9
Kotka	ps	11.3
Kouvola	ps	9.1
Kristiinankaupunki	ps	4.9
Kruunupyy	ps	0.3
Kuhmo	ps	18.9
Kuhmoinen	ps	6.9
Kuopio	ps	10.6
Kuortane	ps	19.3
Kurikka	ps	9.7
Kustavi	ps	3.5
Kuusamo	ps	6.4
Outokumpu	ps	14.6
Kyyjärvi	ps	2.8
Kärkölä	ps	4.1
Kärsämäki	ps	13.5
Kemijärvi	ps	13.3
Kemiönsaari	ps	0.7
Lahti	ps	9.0
Laihia	ps	12.7
Laitila	ps	8.1
Lapinlahti	ps	15.3
Lappajärvi	ps	10.4
Lappeenranta	ps	12.4
Lapinjärvi	ps	0.0
Lapua	ps	10.4
Laukaa	ps	8.6
Lemi	ps	9.3
Lempäälä	ps	8.0
Leppävirta	ps	6.2
Lestijärvi	ps	7.1
Lieksa	ps	14.1
Lieto	ps	7.6
Liminka	ps	11.2
Liperi	ps	16.7
Loimaa	ps	9.8
Loppi	ps	5.6
Loviisa	ps	6.8
Luhanka	ps	6.7
Lumijoki	ps	4.0
Luoto	ps	0.0
Luumäki	ps	3.2
Lohja	ps	11.1
Parainen	ps	2.0
Maalahti	ps	1.3
Marttila	ps	14.7
Masku	ps	12.3
Merijärvi	ps	13.7
Merikarvia	ps	6.8
Miehikkälä	ps	0.0
Mikkeli	ps	6.3
Muhos	ps	22.5
Multia	ps	7.6
Muonio	ps	7.8
Mustasaari	ps	2.8
Muurame	ps	6.6
Mynämäki	ps	7.3
Myrskylä	ps	7.7
Mäntsälä	ps	8.2
Mäntyharju	ps	11.6
Mänttä-Vilppula	ps	11.9
Naantali	ps	8.9
Nakkila	ps	13.9
Nivala	ps	12.6
Nokia	ps	8.6
Nousiainen	ps	10.8
Nurmes	ps	11.6
Nurmijärvi	ps	12.4
Närpiö	ps	0.0
Orimattila	ps	16.5
Oripää	ps	3.7
Orivesi	ps	6.4
Oulainen	ps	5.9
Oulu	ps	8.3
Padasjoki	ps	6.4
Paimio	ps	3.9
Paltamo	ps	5.6
Parikkala	ps	3.4
Parkano	ps	17.6
Pelkosenniemi	ps	0.0
Perho	ps	7.7
Pertunmaa	ps	16.2
Petäjävesi	ps	14.8
Pieksämäki	ps	7.9
Pielavesi	ps	18.1
Pietarsaari	ps	1.9
Pedersören kunta	ps	0.0
Pihtipudas	ps	7.7
Pirkkala	ps	7.6
Polvijärvi	ps	7.2
Pomarkku	ps	4.1
Pori	ps	14.0
Pornainen	ps	15.1
Posio	ps	7.5
Pudasjärvi	ps	6.1
Pukkila	ps	9.9
Punkalaidun	ps	25.2
Puolanka	ps	7.6
Puumala	ps	16.1
Pyhtää	ps	17.6
Pyhäjoki	ps	2.5
Pyhäjärvi	ps	2.4
Pyhäntä	ps	10.9
Pyhäranta	ps	4.6
Pälkäne	ps	0.0
Pöytyä	ps	6.7
Porvoo	ps	4.4
Raahe	ps	6.0
Raisio	ps	9.8
Rantasalmi	ps	7.4
Ranua	ps	0.0
Rauma	ps	10.0
Rautalampi	ps	13.1
Rautavaara	ps	7.5
Rautjärvi	ps	4.9
Reisjärvi	ps	7.7
Riihimäki	ps	8.1
Ristijärvi	ps	9.5
Rovaniemi	ps	7.5
Ruokolahti	ps	8.3
Ruovesi	ps	1.5
Rusko	ps	3.6
Rääkkylä	ps	23.5
Raasepori	ps	2.4
Saarijärvi	ps	5.6
Salla	ps	12.5
Salo	ps	10.9
Sauvo	ps	8.7
Savitaipale	ps	7.2
Savonlinna	ps	8.3
Savukoski	ps	5.6
Seinäjoki	ps	6.8
Sievi	ps	21.4
Siikainen	ps	14.4
Siikajoki	ps	9.8
Siilinjärvi	ps	9.2
Simo	ps	13.2
Sipoo	ps	5.8
Siuntio	ps	6.3
Sodankylä	ps	8.6
Soini	ps	15.4
Somero	ps	6.1
Sonkajärvi	ps	18.0
Sotkamo	ps	9.1
Sulkava	ps	4.2
Suomussalmi	ps	4.9
Suonenjoki	ps	15.8
Sysmä	ps	7.6
Säkylä	ps	10.2
Vaala	ps	15.4
Sastamala	ps	9.6
Siikalatva	ps	6.6
Taipalsaari	ps	3.2
Taivalkoski	ps	7.2
Taivassalo	ps	5.0
Tammela	ps	5.2
Tampere	ps	6.1
Tervo	ps	14.3
Tervola	ps	9.4
Teuva	ps	8.9
Tohmajärvi	ps	8.4
Toholampi	ps	6.2
Toivakka	ps	13.5
Tornio	ps	5.3
Turku	ps	7.4
Pello	ps	9.3
Tuusniemi	ps	10.3
Tuusula	ps	5.5
Tyrnävä	ps	9.8
Ulvila	ps	9.4
Urjala	ps	9.7
Utajärvi	ps	18.6
Utsjoki	ps	9.9
Uurainen	ps	22.4
Uusikaarlepyy	ps	1.0
Uusikaupunki	ps	6.3
Vaasa	ps	9.8
Valkeakoski	ps	12.1
Valtimo	ps	6.9
Varkaus	ps	5.7
Vehmaa	ps	3.1
Vesanto	ps	15.8
Vesilahti	ps	6.5
Veteli	ps	20.8
Vieremä	ps	4.7
Vihti	ps	11.6
Viitasaari	ps	9.2
Vimpeli	ps	10.8
Virolahti	ps	13.0
Virrat	ps	2.5
Vöyri	ps	0.0
Ylitornio	ps	0.0
Ylivieska	ps	10.1
Ylöjärvi	ps	12.4
Ypäjä	ps	2.9
Ähtäri	ps	2.1
Äänekoski	ps	11.8
Alajärvi	kesk	49.8
Alavieska	kesk	60.0
Alavus	kesk	44.3
Asikkala	kesk	23.4
Askola	kesk	28.0
Aura	kesk	25.5
Akaa	kesk	11.8
Enonkoski	kesk	53.5
Enontekiö	kesk	49.0
Espoo	kesk	4.1
Eura	kesk	28.4
Eurajoki	kesk	33.8
Evijärvi	kesk	63.1
Forssa	kesk	16.7
Haapajärvi	kesk	45.8
Haapavesi	kesk	59.5
Hailuoto	kesk	53.4
Halsua	kesk	69.7
Hamina	kesk	18.7
Hankasalmi	kesk	45.4
Hanko	kesk	0.0
Harjavalta	kesk	6.0
Hartola	kesk	32.3
Hattula	kesk	19.9
Hausjärvi	kesk	27.2
Heinävesi	kesk	28.9
Helsinki	kesk	2.8
Vantaa	kesk	4.3
Hirvensalmi	kesk	48.2
Hollola	kesk	17.6
Honkajoki	kesk	53.7
Huittinen	kesk	28.2
Humppila	kesk	37.7
Hyrynsalmi	kesk	55.9
Hyvinkää	kesk	8.0
Hämeenkyrö	kesk	21.3
Hämeenlinna	kesk	10.1
Heinola	kesk	8.6
Ii	kesk	46.0
Iisalmi	kesk	32.5
Iitti	kesk	41.2
Ikaalinen	kesk	26.6
Ilmajoki	kesk	45.2
Ilomantsi	kesk	44.5
Inari	kesk	20.3
Inkoo	kesk	0.0
Isojoki	kesk	57.1
Isokyrö	kesk	53.2
Imatra	kesk	8.4
Janakkala	kesk	23.1
Joensuu	kesk	20.5
Jokioinen	kesk	32.4
Joroinen	kesk	39.3
Joutsa	kesk	38.8
Juuka	kesk	44.5
Juupajoki	kesk	29.3
Juva	kesk	49.8
Jyväskylä	kesk	15.9
Jämijärvi	kesk	58.6
Jämsä	kesk	16.1
Järvenpää	kesk	8.4
Kaarina	kesk	6.0
Kaavi	kesk	33.6
Kajaani	kesk	26.7
Kalajoki	kesk	54.1
Kangasala	kesk	10.3
Kangasniemi	kesk	43.6
Kankaanpää	kesk	29.0
Kannonkoski	kesk	47.5
Kannus	kesk	63.7
Karijoki	kesk	54.4
Karkkila	kesk	11.6
Karstula	kesk	44.2
Karvia	kesk	46.0
Kaskinen	kesk	0.0
Kauhajoki	kesk	39.2
Kauhava	kesk	44.4
Kauniainen	kesk	1.5
Kaustinen	kesk	59.7
Keitele	kesk	50.0
Kemi	kesk	15.4
Keminmaa	kesk	40.0
Kempele	kesk	43.1
Kerava	kesk	5.5
Keuruu	kesk	28.0
Kihniö	kesk	31.6
Kinnula	kesk	59.2
Kirkkonummi	kesk	4.4
Kitee	kesk	37.7
Kittilä	kesk	31.6
Kiuruvesi	kesk	46.5
Kivijärvi	kesk	58.6
Kokemäki	kesk	29.9
Kokkola	kesk	27.7
Kolari	kesk	38.0
Konnevesi	kesk	57.9
Kontiolahti	kesk	31.3
Korsnäs	kesk	0.0
Koski Tl	kesk	52.5
Kotka	kesk	3.5
Kouvola	kesk	14.7
Kristiinankaupunki	kesk	12.0
Kruunupyy	kesk	0.0
Kuhmo	kesk	44.0
Kuhmoinen	kesk	24.5
Kuopio	kesk	23.2
Kuortane	kesk	44.1
Kurikka	kesk	42.0
Kustavi	kesk	31.2
Kuusamo	kesk	57.8
Outokumpu	kesk	30.6
Kyyjärvi	kesk	68.8
Kärkölä	kesk	12.3
Kärsämäki	kesk	54.6
Kemijärvi	kesk	45.0
Kemiönsaari	kesk	6.5
Lahti	kesk	7.1
Laihia	kesk	40.7
Laitila	kesk	42.1
Lapinlahti	kesk	38.9
Lappajärvi	kesk	61.6
Lappeenranta	kesk	20.1
Lapinjärvi	kesk	23.6
Lapua	kesk	37.1
Laukaa	kesk	31.3
Lemi	kesk	50.1
Lempäälä	kesk	17.5
Leppävirta	kesk	43.6
Lestijärvi	kesk	61.1
Lieksa	kesk	33.6
Lieto	kesk	18.7
Liminka	kesk	50.6
Liperi	kesk	33.8
Loimaa	kesk	31.7
Loppi	kesk	32.4
Loviisa	kesk	5.9
Luhanka	kesk	47.5
Lumijoki	kesk	70.3
Luoto	kesk	0.6
Luumäki	kesk	49.8
Lohja	kesk	9.9
Parainen	kesk	3.1
Maalahti	kesk	0.0
Marttila	kesk	46.0
Masku	kesk	16.5
Merijärvi	kesk	86.3
Merikarvia	kesk	46.7
Miehikkälä	kesk	65.5
Mikkeli	kesk	25.7
Muhos	kesk	39.3
Multia	kesk	50.0
Muonio	kesk	38.6
Mustasaari	kesk	0.0
Muurame	kesk	33.4
Mynämäki	kesk	38.6
Myrskylä	kesk	45.3
Mäntsälä	kesk	26.2
Mäntyharju	kesk	30.2
Mänttä-Vilppula	kesk	22.3
Naantali	kesk	10.4
Nakkila	kesk	26.8
Nivala	kesk	63.2
Nokia	kesk	5.9
Nousiainen	kesk	30.4
Nurmes	kesk	46.3
Nurmijärvi	kesk	20.2
Närpiö	kesk	0.0
Orimattila	kesk	24.2
Oripää	kesk	41.2
Orivesi	kesk	18.2
Oulainen	kesk	54.1
Oulu	kesk	24.2
Padasjoki	kesk	13.8
Paimio	kesk	23.9
Paltamo	kesk	48.4
Parikkala	kesk	42.3
Parkano	kesk	32.8
Pelkosenniemi	kesk	40.1
Perho	kesk	70.4
Pertunmaa	kesk	37.0
Petäjävesi	kesk	39.9
Pieksämäki	kesk	30.1
Pielavesi	kesk	44.6
Pietarsaari	kesk	3.1
Pedersören kunta	kesk	0.0
Pihtipudas	kesk	41.9
Pirkkala	kesk	8.2
Polvijärvi	kesk	48.2
Pomarkku	kesk	41.9
Pori	kesk	7.8
Pornainen	kesk	35.5
Posio	kesk	68.3
Pudasjärvi	kesk	59.5
Pukkila	kesk	46.7
Punkalaidun	kesk	34.3
Puolanka	kesk	63.7
Puumala	kesk	46.2
Pyhtää	kesk	14.9
Pyhäjoki	kesk	65.3
Pyhäjärvi	kesk	40.8
Pyhäntä	kesk	69.8
Pyhäranta	kesk	17.4
Pälkäne	kesk	26.4
Pöytyä	kesk	40.2
Porvoo	kesk	7.6
Raahe	kesk	41.4
Raisio	kesk	6.7
Rantasalmi	kesk	57.4
Ranua	kesk	60.7
Rauma	kesk	11.6
Rautalampi	kesk	40.6
Rautavaara	kesk	27.0
Rautjärvi	kesk	47.7
Reisjärvi	kesk	74.7
Riihimäki	kesk	6.3
Ristijärvi	kesk	62.1
Rovaniemi	kesk	29.9
Ruokolahti	kesk	41.9
Ruovesi	kesk	29.3
Rusko	kesk	25.6
Rääkkylä	kesk	39.5
Raasepori	kesk	0.6
Saarijärvi	kesk	43.9
Salla	kesk	46.3
Salo	kesk	20.0
Sauvo	kesk	36.9
Savitaipale	kesk	45.2
Savonlinna	kesk	31.7
Savukoski	kesk	49.0
Seinäjoki	kesk	34.5
Sievi	kesk	63.0
Siikainen	kesk	46.8
Siikajoki	kesk	59.8
Siilinjärvi	kesk	38.7
Simo	kesk	48.7
Sipoo	kesk	5.9
Siuntio	kesk	0.0
Sodankylä	kesk	35.2
Soini	kesk	45.7
Somero	kesk	44.4
Sonkajärvi	kesk	43.2
Sotkamo	kesk	44.1
Sulkava	kesk	48.9
Suomussalmi	kesk	53.7
Suonenjoki	kesk	38.0
Sysmä	kesk	32.6
Säkylä	kesk	42.3
Vaala	kesk	55.9
Sastamala	kesk	25.6
Siikalatva	kesk	67.5
Taipalsaari	kesk	38.9
Taivalkoski	kesk	45.3
Taivassalo	kesk	47.1
Tammela	kesk	33.9
Tampere	kesk	5.6
Tervo	kesk	57.8
Tervola	kesk	53.6
Teuva	kesk	40.9
Tohmajärvi	kesk	46.7
Toholampi	kesk	58.5
Toivakka	kesk	42.5
Tornio	kesk	47.5
Turku	kesk	5.2
Pello	kesk	44.7
Tuusniemi	kesk	40.1
Tuusula	kesk	10.6
Tyrnävä	kesk	62.9
Ulvila	kesk	15.3
Urjala	kesk	34.5
Utajärvi	kesk	53.9
Utsjoki	kesk	33.5
Uurainen	kesk	38.1
Uusikaarlepyy	kesk	0.0
Uusikaupunki	kesk	20.3
Vaasa	kesk	4.7
Valkeakoski	kesk	4.8
Valtimo	kesk	46.9
Varkaus	kesk	7.2
Vehmaa	kesk	40.0
Vesanto	kesk	56.5
Vesilahti	kesk	31.0
Veteli	kesk	54.5
Vieremä	kesk	56.6
Vihti	kesk	22.2
Viitasaari	kesk	35.4
Vimpeli	kesk	39.4
Virolahti	kesk	44.3
Virrat	kesk	31.5
Vöyri	kesk	0.0
Ylitornio	kesk	59.6
Ylivieska	kesk	50.9
Ylöjärvi	kesk	13.5
Ypäjä	kesk	37.7
Ähtäri	kesk	41.8
Äänekoski	kesk	18.5
Alajärvi	kd	5.7
Alavieska	kd	7.0
Alavus	kd	3.8
Asikkala	kd	4.7
Askola	kd	4.2
Aura	kd	0.0
Akaa	kd	2.6
Enonkoski	kd	8.1
Enontekiö	kd	7.0
Espoo	kd	3.6
Eura	kd	2.3
Eurajoki	kd	2.0
Evijärvi	kd	7.0
Forssa	kd	3.1
Haapajärvi	kd	0.0
Haapavesi	kd	0.0
Hailuoto	kd	0.0
Halsua	kd	11.9
Hamina	kd	5.5
Hankasalmi	kd	3.6
Hanko	kd	2.1
Harjavalta	kd	4.7
Hartola	kd	0.0
Hattula	kd	4.9
Hausjärvi	kd	4.3
Heinävesi	kd	9.3
Helsinki	kd	2.8
Vantaa	kd	3.8
Hirvensalmi	kd	4.3
Hollola	kd	6.2
Honkajoki	kd	1.8
Huittinen	kd	1.7
Humppila	kd	0.0
Hyrynsalmi	kd	0.0
Hyvinkää	kd	5.7
Hämeenkyrö	kd	6.1
Hämeenlinna	kd	6.4
Heinola	kd	7.5
Ii	kd	0.0
Iisalmi	kd	4.7
Iitti	kd	2.1
Ikaalinen	kd	6.0
Ilmajoki	kd	4.3
Ilomantsi	kd	1.4
Inari	kd	0.0
Inkoo	kd	1.2
Isojoki	kd	0.0
Isokyrö	kd	5.3
Imatra	kd	1.6
Janakkala	kd	5.3
Joensuu	kd	4.9
Jokioinen	kd	0.0
Joroinen	kd	5.0
Joutsa	kd	6.8
Juuka	kd	5.4
Juupajoki	kd	3.1
Juva	kd	6.7
Jyväskylä	kd	6.4
Jämijärvi	kd	4.6
Jämsä	kd	3.0
Järvenpää	kd	4.4
Kaarina	kd	4.4
Kaavi	kd	7.2
Kajaani	kd	3.0
Kalajoki	kd	3.2
Kangasala	kd	9.8
Kangasniemi	kd	4.3
Kankaanpää	kd	4.2
Kannonkoski	kd	0.0
Kannus	kd	5.7
Karijoki	kd	0.0
Karkkila	kd	2.1
Karstula	kd	6.1
Karvia	kd	1.6
Kaskinen	kd	0.0
Kauhajoki	kd	2.9
Kauhava	kd	8.7
Kauniainen	kd	2.2
Kaustinen	kd	2.8
Keitele	kd	6.7
Kemi	kd	0.9
Keminmaa	kd	1.1
Kempele	kd	3.3
Kerava	kd	3.5
Keuruu	kd	10.6
Kihniö	kd	14.9
Kinnula	kd	0.0
Kirkkonummi	kd	2.0
Kitee	kd	4.8
Kittilä	kd	3.0
Kiuruvesi	kd	5.2
Kivijärvi	kd	2.6
Kokemäki	kd	2.0
Kokkola	kd	10.8
Kolari	kd	0.0
Konnevesi	kd	5.3
Kontiolahti	kd	2.2
Korsnäs	kd	2.3
Koski Tl	kd	0.0
Kotka	kd	4.2
Kouvola	kd	6.4
Kristiinankaupunki	kd	3.1
Kruunupyy	kd	5.6
Kuhmo	kd	5.3
Kuhmoinen	kd	3.9
Kuopio	kd	5.1
Kuortane	kd	6.6
Kurikka	kd	4.7
Kustavi	kd	0.0
Kuusamo	kd	1.2
Outokumpu	kd	4.8
Kyyjärvi	kd	14.2
Kärkölä	kd	0.0
Kärsämäki	kd	0.0
Kemijärvi	kd	6.4
Kemiönsaari	kd	0.0
Lahti	kd	6.9
Laihia	kd	2.2
Laitila	kd	0.0
Lapinlahti	kd	14.7
Lappajärvi	kd	12.8
Lappeenranta	kd	4.9
Lapinjärvi	kd	0.0
Lapua	kd	9.7
Laukaa	kd	6.6
Lemi	kd	3.3
Lempäälä	kd	6.8
Leppävirta	kd	6.0
Lestijärvi	kd	7.1
Lieksa	kd	4.3
Lieto	kd	9.0
Liminka	kd	1.9
Liperi	kd	6.4
Loimaa	kd	2.1
Loppi	kd	1.5
Loviisa	kd	2.0
Luhanka	kd	0.0
Lumijoki	kd	0.0
Luoto	kd	46.3
Luumäki	kd	6.5
Lohja	kd	3.5
Parainen	kd	0.9
Maalahti	kd	3.2
Marttila	kd	0.0
Masku	kd	1.6
Merijärvi	kd	0.0
Merikarvia	kd	1.1
Miehikkälä	kd	0.0
Mikkeli	kd	5.6
Muhos	kd	0.0
Multia	kd	6.4
Muonio	kd	8.9
Mustasaari	kd	3.5
Muurame	kd	3.9
Mynämäki	kd	0.0
Myrskylä	kd	0.0
Mäntsälä	kd	2.4
Mäntyharju	kd	4.4
Mänttä-Vilppula	kd	3.8
Naantali	kd	4.3
Nakkila	kd	1.3
Nivala	kd	0.0
Nokia	kd	4.0
Nousiainen	kd	2.1
Nurmes	kd	6.4
Nurmijärvi	kd	3.4
Närpiö	kd	1.9
Orimattila	kd	2.4
Oripää	kd	0.0
Orivesi	kd	5.7
Oulainen	kd	5.8
Oulu	kd	2.4
Padasjoki	kd	0.0
Paimio	kd	5.5
Paltamo	kd	5.2
Parikkala	kd	6.2
Parkano	kd	6.3
Pelkosenniemi	kd	0.0
Perho	kd	0.0
Pertunmaa	kd	0.0
Petäjävesi	kd	9.4
Pieksämäki	kd	4.8
Pielavesi	kd	4.1
Pietarsaari	kd	9.4
Pedersören kunta	kd	27.4
Pihtipudas	kd	0.0
Pirkkala	kd	4.9
Polvijärvi	kd	3.8
Pomarkku	kd	3.4
Pori	kd	4.5
Pornainen	kd	0.0
Posio	kd	0.0
Pudasjärvi	kd	0.0
Pukkila	kd	0.0
Punkalaidun	kd	0.0
Puolanka	kd	1.2
Puumala	kd	7.3
Pyhtää	kd	1.2
Pyhäjoki	kd	0.0
Pyhäjärvi	kd	3.5
Pyhäntä	kd	0.0
Pyhäranta	kd	0.0
Pälkäne	kd	0.0
Pöytyä	kd	3.0
Porvoo	kd	2.4
Raahe	kd	3.1
Raisio	kd	2.9
Rantasalmi	kd	0.0
Ranua	kd	0.0
Rauma	kd	6.4
Rautalampi	kd	5.1
Rautavaara	kd	19.1
Rautjärvi	kd	0.0
Reisjärvi	kd	0.0
Riihimäki	kd	8.2
Ristijärvi	kd	0.0
Rovaniemi	kd	1.7
Ruokolahti	kd	4.4
Ruovesi	kd	0.0
Rusko	kd	0.0
Rääkkylä	kd	9.6
Raasepori	kd	0.5
Saarijärvi	kd	5.7
Salla	kd	0.0
Salo	kd	5.2
Sauvo	kd	3.6
Savitaipale	kd	11.1
Savonlinna	kd	6.0
Savukoski	kd	0.0
Seinäjoki	kd	4.9
Sievi	kd	1.3
Siikainen	kd	11.9
Siikajoki	kd	0.0
Siilinjärvi	kd	5.8
Simo	kd	0.0
Sipoo	kd	1.5
Siuntio	kd	0.0
Sodankylä	kd	1.8
Soini	kd	22.6
Somero	kd	1.5
Sonkajärvi	kd	3.9
Sotkamo	kd	5.2
Sulkava	kd	8.5
Suomussalmi	kd	0.5
Suonenjoki	kd	6.5
Sysmä	kd	0.0
Säkylä	kd	0.0
Vaala	kd	0.0
Sastamala	kd	5.0
Siikalatva	kd	0.0
Taipalsaari	kd	2.1
Taivalkoski	kd	0.0
Taivassalo	kd	0.0
Tammela	kd	2.5
Tampere	kd	4.0
Tervo	kd	0.0
Tervola	kd	0.0
Teuva	kd	2.5
Tohmajärvi	kd	5.1
Toholampi	kd	5.7
Toivakka	kd	8.5
Tornio	kd	1.5
Turku	kd	2.5
Pello	kd	0.0
Tuusniemi	kd	4.0
Tuusula	kd	3.4
Tyrnävä	kd	1.3
Ulvila	kd	5.0
Urjala	kd	0.0
Utajärvi	kd	0.0
Utsjoki	kd	2.7
Uurainen	kd	10.0
Uusikaarlepyy	kd	4.0
Uusikaupunki	kd	2.8
Vaasa	kd	4.2
Valkeakoski	kd	6.2
Valtimo	kd	3.6
Varkaus	kd	5.6
Vehmaa	kd	0.0
Vesanto	kd	0.6
Vesilahti	kd	8.9
Veteli	kd	6.7
Vieremä	kd	5.9
Vihti	kd	3.2
Viitasaari	kd	8.3
Vimpeli	kd	6.8
Virolahti	kd	0.0
Virrat	kd	5.6
Vöyri	kd	0.0
Ylitornio	kd	0.0
Ylivieska	kd	3.3
Ylöjärvi	kd	5.8
Ypäjä	kd	0.0
Ähtäri	kd	8.6
Äänekoski	kd	6.0
Alajärvi	sdp	4.6
Alavieska	sdp	2.8
Alavus	sdp	12.8
Asikkala	sdp	7.7
Askola	sdp	23.8
Aura	sdp	33.9
Akaa	sdp	32.9
Enonkoski	sdp	31.6
Enontekiö	sdp	0.0
Espoo	sdp	12.5
Eura	sdp	34.4
Eurajoki	sdp	27.1
Evijärvi	sdp	9.5
Forssa	sdp	31.4
Haapajärvi	sdp	27.7
Haapavesi	sdp	3.2
Hailuoto	sdp	18.5
Halsua	sdp	4.4
Hamina	sdp	26.2
Hankasalmi	sdp	13.4
Hanko	sdp	28.2
Harjavalta	sdp	43.2
Hartola	sdp	17.6
Hattula	sdp	25.0
Hausjärvi	sdp	20.9
Heinävesi	sdp	27.5
Helsinki	sdp	13.8
Vantaa	sdp	25.2
Hirvensalmi	sdp	11.4
Hollola	sdp	20.3
Honkajoki	sdp	0.0
Huittinen	sdp	15.0
Humppila	sdp	26.8
Hyrynsalmi	sdp	26.9
Hyvinkää	sdp	26.0
Hämeenkyrö	sdp	18.8
Hämeenlinna	sdp	26.0
Heinola	sdp	27.4
Ii	sdp	7.4
Iisalmi	sdp	18.4
Iitti	sdp	27.6
Ikaalinen	sdp	23.1
Ilmajoki	sdp	16.5
Ilomantsi	sdp	21.2
Inari	sdp	13.9
Inkoo	sdp	14.2
Isojoki	sdp	6.5
Isokyrö	sdp	13.6
Imatra	sdp	40.6
Janakkala	sdp	27.1
Joensuu	sdp	24.6
Jokioinen	sdp	26.6
Joroinen	sdp	22.4
Joutsa	sdp	15.5
Juuka	sdp	31.0
Juupajoki	sdp	25.8
Juva	sdp	19.1
Jyväskylä	sdp	19.3
Jämijärvi	sdp	20.6
Jämsä	sdp	28.4
Järvenpää	sdp	19.3
Kaarina	sdp	22.4
Kaavi	sdp	13.3
Kajaani	sdp	13.8
Kalajoki	sdp	6.5
Kangasala	sdp	22.7
Kangasniemi	sdp	24.0
Kankaanpää	sdp	18.5
Kannonkoski	sdp	22.5
Kannus	sdp	12.4
Karijoki	sdp	7.6
Karkkila	sdp	20.6
Karstula	sdp	22.0
Karvia	sdp	17.2
Kaskinen	sdp	26.7
Kauhajoki	sdp	11.1
Kauhava	sdp	9.9
Kauniainen	sdp	3.2
Kaustinen	sdp	6.6
Keitele	sdp	10.9
Kemi	sdp	28.4
Keminmaa	sdp	6.2
Kempele	sdp	19.9
Kerava	sdp	24.9
Keuruu	sdp	29.3
Kihniö	sdp	12.1
Kinnula	sdp	22.6
Kirkkonummi	sdp	14.3
Kitee	sdp	22.9
Kittilä	sdp	4.0
Kiuruvesi	sdp	2.7
Kivijärvi	sdp	25.9
Kokemäki	sdp	25.2
Kokkola	sdp	18.6
Kolari	sdp	8.4
Konnevesi	sdp	17.2
Kontiolahti	sdp	31.8
Korsnäs	sdp	2.9
Koski Tl	sdp	12.0
Kotka	sdp	30.1
Kouvola	sdp	25.2
Kristiinankaupunki	sdp	5.7
Kruunupyy	sdp	0.9
Kuhmo	sdp	11.6
Kuhmoinen	sdp	24.2
Kuopio	sdp	18.6
Kuortane	sdp	5.0
Kurikka	sdp	12.9
Kustavi	sdp	22.9
Kuusamo	sdp	6.1
Outokumpu	sdp	24.2
Kyyjärvi	sdp	0.0
Kärkölä	sdp	14.4
Kärsämäki	sdp	19.5
Kemijärvi	sdp	9.4
Kemiönsaari	sdp	12.6
Lahti	sdp	30.5
Laihia	sdp	14.2
Laitila	sdp	14.3
Lapinlahti	sdp	11.1
Lappajärvi	sdp	9.1
Lappeenranta	sdp	23.9
Lapinjärvi	sdp	12.8
Lapua	sdp	7.7
Laukaa	sdp	22.2
Lemi	sdp	12.1
Lempäälä	sdp	20.8
Leppävirta	sdp	23.7
Lestijärvi	sdp	9.9
Lieksa	sdp	34.7
Lieto	sdp	15.8
Liminka	sdp	8.0
Liperi	sdp	25.0
Loimaa	sdp	11.2
Loppi	sdp	24.0
Loviisa	sdp	20.6
Luhanka	sdp	14.8
Lumijoki	sdp	0.0
Luoto	sdp	15.2
Luumäki	sdp	15.1
Lohja	sdp	22.1
Parainen	sdp	15.5
Maalahti	sdp	23.6
Marttila	sdp	8.1
Masku	sdp	25.0
Merijärvi	sdp	0.0
Merikarvia	sdp	32.6
Miehikkälä	sdp	8.7
Mikkeli	sdp	27.4
Muhos	sdp	6.9
Multia	sdp	17.2
Muonio	sdp	15.1
Mustasaari	sdp	5.5
Muurame	sdp	24.0
Mynämäki	sdp	22.4
Myrskylä	sdp	8.0
Mäntsälä	sdp	25.0
Mäntyharju	sdp	19.4
Mänttä-Vilppula	sdp	33.5
Naantali	sdp	22.7
Nakkila	sdp	17.4
Nivala	sdp	10.3
Nokia	sdp	19.4
Nousiainen	sdp	11.7
Nurmes	sdp	29.0
Nurmijärvi	sdp	17.2
Närpiö	sdp	9.2
Orimattila	sdp	16.3
Oripää	sdp	5.7
Orivesi	sdp	26.4
Oulainen	sdp	12.6
Oulu	sdp	12.3
Padasjoki	sdp	16.8
Paimio	sdp	21.5
Paltamo	sdp	9.0
Parikkala	sdp	13.0
Parkano	sdp	20.2
Pelkosenniemi	sdp	0.0
Perho	sdp	12.0
Pertunmaa	sdp	0.0
Petäjävesi	sdp	11.1
Pieksämäki	sdp	23.9
Pielavesi	sdp	8.1
Pietarsaari	sdp	21.6
Pedersören kunta	sdp	9.8
Pihtipudas	sdp	22.2
Pirkkala	sdp	27.1
Polvijärvi	sdp	30.9
Pomarkku	sdp	16.9
Pori	sdp	27.2
Pornainen	sdp	25.2
Posio	sdp	8.0
Pudasjärvi	sdp	11.1
Pukkila	sdp	9.0
Punkalaidun	sdp	13.0
Puolanka	sdp	0.0
Puumala	sdp	21.5
Pyhtää	sdp	19.1
Pyhäjoki	sdp	1.2
Pyhäjärvi	sdp	15.9
Pyhäntä	sdp	9.5
Pyhäranta	sdp	25.8
Pälkäne	sdp	22.7
Pöytyä	sdp	10.8
Porvoo	sdp	22.5
Raahe	sdp	15.5
Raisio	sdp	28.3
Rantasalmi	sdp	23.6
Ranua	sdp	11.7
Rauma	sdp	39.9
Rautalampi	sdp	15.0
Rautavaara	sdp	21.0
Rautjärvi	sdp	42.7
Reisjärvi	sdp	5.9
Riihimäki	sdp	25.0
Ristijärvi	sdp	5.4
Rovaniemi	sdp	19.2
Ruokolahti	sdp	29.4
Ruovesi	sdp	14.1
Rusko	sdp	19.8
Rääkkylä	sdp	8.7
Raasepori	sdp	29.5
Saarijärvi	sdp	27.8
Salla	sdp	16.5
Salo	sdp	25.3
Sauvo	sdp	12.1
Savitaipale	sdp	10.5
Savonlinna	sdp	27.1
Savukoski	sdp	0.0
Seinäjoki	sdp	15.4
Sievi	sdp	0.0
Siikainen	sdp	26.9
Siikajoki	sdp	9.7
Siilinjärvi	sdp	16.5
Simo	sdp	5.5
Sipoo	sdp	10.9
Siuntio	sdp	16.0
Sodankylä	sdp	9.4
Soini	sdp	2.4
Somero	sdp	18.5
Sonkajärvi	sdp	19.8
Sotkamo	sdp	3.4
Sulkava	sdp	26.6
Suomussalmi	sdp	0.0
Suonenjoki	sdp	18.0
Sysmä	sdp	18.5
Säkylä	sdp	25.3
Vaala	sdp	5.0
Sastamala	sdp	24.9
Siikalatva	sdp	15.4
Taipalsaari	sdp	13.3
Taivalkoski	sdp	23.1
Taivassalo	sdp	12.5
Tammela	sdp	19.7
Tampere	sdp	22.1
Tervo	sdp	11.2
Tervola	sdp	3.1
Teuva	sdp	7.2
Tohmajärvi	sdp	29.2
Toholampi	sdp	17.1
Toivakka	sdp	19.3
Tornio	sdp	15.0
Turku	sdp	17.1
Pello	sdp	12.1
Tuusniemi	sdp	13.2
Tuusula	sdp	22.9
Tyrnävä	sdp	10.5
Ulvila	sdp	31.9
Urjala	sdp	29.7
Utajärvi	sdp	12.1
Utsjoki	sdp	15.3
Uurainen	sdp	18.0
Uusikaarlepyy	sdp	19.4
Uusikaupunki	sdp	29.9
Vaasa	sdp	20.7
Valkeakoski	sdp	34.3
Valtimo	sdp	23.1
Varkaus	sdp	44.5
Vehmaa	sdp	11.8
Vesanto	sdp	18.2
Vesilahti	sdp	12.0
Veteli	sdp	5.1
Vieremä	sdp	0.0
Vihti	sdp	20.7
Viitasaari	sdp	26.0
Vimpeli	sdp	3.0
Virolahti	sdp	22.2
Virrat	sdp	19.4
Vöyri	sdp	6.1
Ylitornio	sdp	7.5
Ylivieska	sdp	10.6
Ylöjärvi	sdp	19.5
Ypäjä	sdp	16.5
Ähtäri	sdp	24.1
Äänekoski	sdp	25.5
Alajärvi	vas	2.8
Alavieska	vas	4.3
Alavus	vas	1.8
Asikkala	vas	2.4
Askola	vas	5.3
Aura	vas	0.0
Akaa	vas	8.2
Enonkoski	vas	0.0
Enontekiö	vas	0.0
Espoo	vas	3.9
Eura	vas	13.7
Eurajoki	vas	4.9
Evijärvi	vas	4.0
Forssa	vas	14.1
Haapajärvi	vas	2.8
Haapavesi	vas	18.7
Hailuoto	vas	11.9
Halsua	vas	0.0
Hamina	vas	0.0
Hankasalmi	vas	13.4
Hanko	vas	11.6
Harjavalta	vas	16.4
Hartola	vas	3.4
Hattula	vas	7.3
Hausjärvi	vas	10.4
Heinävesi	vas	0.0
Helsinki	vas	11.2
Vantaa	vas	7.4
Hirvensalmi	vas	0.0
Hollola	vas	4.9
Honkajoki	vas	11.8
Huittinen	vas	12.1
Humppila	vas	6.5
Hyrynsalmi	vas	10.7
Hyvinkää	vas	8.7
Hämeenkyrö	vas	15.6
Hämeenlinna	vas	6.5
Heinola	vas	1.9
Ii	vas	23.0
Iisalmi	vas	15.2
Iitti	vas	0.0
Ikaalinen	vas	4.2
Ilmajoki	vas	0.8
Ilomantsi	vas	6.5
Inari	vas	14.3
Inkoo	vas	1.9
Isojoki	vas	0.0
Isokyrö	vas	0.0
Imatra	vas	4.2
Janakkala	vas	8.7
Joensuu	vas	10.0
Jokioinen	vas	17.0
Joroinen	vas	2.1
Joutsa	vas	0.0
Juuka	vas	0.0
Juupajoki	vas	8.0
Juva	vas	0.0
Jyväskylä	vas	10.1
Jämijärvi	vas	2.9
Jämsä	vas	9.7
Järvenpää	vas	6.6
Kaarina	vas	7.3
Kaavi	vas	0.0
Kajaani	vas	20.0
Kalajoki	vas	10.5
Kangasala	vas	6.0
Kangasniemi	vas	0.0
Kankaanpää	vas	7.1
Kannonkoski	vas	0.0
Kannus	vas	0.0
Karijoki	vas	0.0
Karkkila	vas	27.0
Karstula	vas	1.8
Karvia	vas	3.2
Kaskinen	vas	7.8
Kauhajoki	vas	2.9
Kauhava	vas	1.4
Kauniainen	vas	0.5
Kaustinen	vas	0.0
Keitele	vas	9.3
Kemi	vas	33.7
Keminmaa	vas	21.6
Kempele	vas	7.1
Kerava	vas	12.2
Keuruu	vas	2.7
Kihniö	vas	0.0
Kinnula	vas	0.0
Kirkkonummi	vas	3.3
Kitee	vas	1.6
Kittilä	vas	13.6
Kiuruvesi	vas	20.9
Kivijärvi	vas	0.0
Kokemäki	vas	17.7
Kokkola	vas	6.8
Kolari	vas	32.3
Konnevesi	vas	8.1
Kontiolahti	vas	1.7
Korsnäs	vas	0.0
Koski Tl	vas	0.0
Kotka	vas	14.0
Kouvola	vas	4.4
Kristiinankaupunki	vas	2.7
Kruunupyy	vas	0.8
Kuhmo	vas	6.9
Kuhmoinen	vas	0.0
Kuopio	vas	9.2
Kuortane	vas	0.0
Kurikka	vas	4.3
Kustavi	vas	0.0
Kuusamo	vas	4.9
Outokumpu	vas	14.8
Kyyjärvi	vas	0.0
Kärkölä	vas	4.1
Kärsämäki	vas	0.0
Kemijärvi	vas	16.6
Kemiönsaari	vas	6.6
Lahti	vas	6.7
Laihia	vas	7.7
Laitila	vas	0.0
Lapinlahti	vas	10.0
Lappajärvi	vas	0.0
Lappeenranta	vas	1.2
Lapinjärvi	vas	4.1
Lapua	vas	3.9
Laukaa	vas	6.6
Lemi	vas	0.0
Lempäälä	vas	7.0
Leppävirta	vas	9.1
Lestijärvi	vas	14.8
Lieksa	vas	5.1
Lieto	vas	9.5
Liminka	vas	10.2
Liperi	vas	1.0
Loimaa	vas	17.0
Loppi	vas	6.0
Loviisa	vas	1.8
Luhanka	vas	0.0
Lumijoki	vas	18.3
Luoto	vas	0.0
Luumäki	vas	0.0
Lohja	vas	11.8
Parainen	vas	6.4
Maalahti	vas	0.0
Marttila	vas	0.0
Masku	vas	5.3
Merijärvi	vas	0.0
Merikarvia	vas	0.0
Miehikkälä	vas	0.0
Mikkeli	vas	1.4
Muhos	vas	18.2
Multia	vas	8.2
Muonio	vas	10.5
Mustasaari	vas	2.0
Muurame	vas	6.8
Mynämäki	vas	10.6
Myrskylä	vas	0.0
Mäntsälä	vas	5.3
Mäntyharju	vas	0.0
Mänttä-Vilppula	vas	7.5
Naantali	vas	5.2
Nakkila	vas	19.7
Nivala	vas	3.2
Nokia	vas	16.7
Nousiainen	vas	17.9
Nurmes	vas	0.0
Nurmijärvi	vas	3.7
Närpiö	vas	0.0
Orimattila	vas	1.6
Oripää	vas	20.5
Orivesi	vas	10.7
Oulainen	vas	8.7
Oulu	vas	15.9
Padasjoki	vas	0.0
Paimio	vas	11.0
Paltamo	vas	20.4
Parikkala	vas	0.0
Parkano	vas	6.3
Pelkosenniemi	vas	15.4
Perho	vas	5.6
Pertunmaa	vas	0.0
Petäjävesi	vas	5.5
Pieksämäki	vas	7.5
Pielavesi	vas	15.3
Pietarsaari	vas	10.9
Pedersören kunta	vas	0.6
Pihtipudas	vas	7.4
Pirkkala	vas	6.4
Polvijärvi	vas	1.7
Pomarkku	vas	10.8
Pori	vas	14.7
Pornainen	vas	0.0
Posio	vas	0.0
Pudasjärvi	vas	9.9
Pukkila	vas	0.0
Punkalaidun	vas	5.1
Puolanka	vas	17.7
Puumala	vas	0.0
Pyhtää	vas	5.3
Pyhäjoki	vas	16.8
Pyhäjärvi	vas	16.9
Pyhäntä	vas	4.6
Pyhäranta	vas	0.0
Pälkäne	vas	6.5
Pöytyä	vas	7.8
Porvoo	vas	3.3
Raahe	vas	22.9
Raisio	vas	14.1
Rantasalmi	vas	0.0
Ranua	vas	2.2
Rauma	vas	7.6
Rautalampi	vas	9.8
Rautavaara	vas	25.4
Rautjärvi	vas	0.0
Reisjärvi	vas	5.8
Riihimäki	vas	19.4
Ristijärvi	vas	6.4
Rovaniemi	vas	12.8
Ruokolahti	vas	0.0
Ruovesi	vas	10.6
Rusko	vas	6.6
Rääkkylä	vas	15.6
Raasepori	vas	4.1
Saarijärvi	vas	3.8
Salla	vas	20.2
Salo	vas	5.4
Sauvo	vas	8.6
Savitaipale	vas	0.0
Savonlinna	vas	4.9
Savukoski	vas	14.5
Seinäjoki	vas	3.6
Sievi	vas	9.9
Siikainen	vas	0.0
Siikajoki	vas	10.2
Siilinjärvi	vas	7.1
Simo	vas	20.8
Sipoo	vas	1.4
Siuntio	vas	2.7
Sodankylä	vas	17.9
Soini	vas	3.6
Somero	vas	3.2
Sonkajärvi	vas	6.1
Sotkamo	vas	20.1
Sulkava	vas	0.0
Suomussalmi	vas	29.9
Suonenjoki	vas	9.4
Sysmä	vas	0.0
Säkylä	vas	6.7
Vaala	vas	23.6
Sastamala	vas	7.2
Siikalatva	vas	7.3
Taipalsaari	vas	0.0
Taivalkoski	vas	3.8
Taivassalo	vas	0.0
Tammela	vas	6.0
Tampere	vas	10.8
Tervo	vas	0.0
Tervola	vas	30.3
Teuva	vas	14.1
Tohmajärvi	vas	0.0
Toholampi	vas	0.0
Toivakka	vas	5.7
Tornio	vas	16.7
Turku	vas	16.1
Pello	vas	23.8
Tuusniemi	vas	15.5
Tuusula	vas	3.5
Tyrnävä	vas	9.8
Ulvila	vas	13.0
Urjala	vas	0.0
Utajärvi	vas	12.1
Utsjoki	vas	8.5
Uurainen	vas	5.6
Uusikaarlepyy	vas	0.9
Uusikaupunki	vas	8.2
Vaasa	vas	6.4
Valkeakoski	vas	11.4
Valtimo	vas	11.1
Varkaus	vas	12.6
Vehmaa	vas	11.1
Vesanto	vas	0.0
Vesilahti	vas	0.0
Veteli	vas	0.0
Vieremä	vas	0.0
Vihti	vas	6.2
Viitasaari	vas	3.8
Vimpeli	vas	9.6
Virolahti	vas	0.0
Virrat	vas	9.1
Vöyri	vas	1.4
Ylitornio	vas	29.6
Ylivieska	vas	5.1
Ylöjärvi	vas	10.4
Ypäjä	vas	5.5
Ähtäri	vas	3.9
Äänekoski	vas	22.3
Alajärvi	vihr	2.2
Alavieska	vihr	7.1
Alavus	vihr	4.1
Asikkala	vihr	9.4
Askola	vihr	8.4
Aura	vihr	0.0
Akaa	vihr	11.8
Enonkoski	vihr	0.0
Enontekiö	vihr	8.9
Espoo	vihr	22.3
Eura	vihr	2.5
Eurajoki	vihr	1.6
Evijärvi	vihr	0.0
Forssa	vihr	4.9
Haapajärvi	vihr	0.0
Haapavesi	vihr	0.0
Hailuoto	vihr	1.5
Halsua	vihr	0.0
Hamina	vihr	11.3
Hankasalmi	vihr	6.1
Hanko	vihr	3.2
Harjavalta	vihr	3.3
Hartola	vihr	6.5
Hattula	vihr	9.4
Hausjärvi	vihr	5.9
Heinävesi	vihr	0.0
Helsinki	vihr	24.1
Vantaa	vihr	17.8
Hirvensalmi	vihr	0.0
Hollola	vihr	7.4
Honkajoki	vihr	0.0
Huittinen	vihr	6.2
Humppila	vihr	5.4
Hyrynsalmi	vihr	0.0
Hyvinkää	vihr	13.6
Hämeenkyrö	vihr	3.9
Hämeenlinna	vihr	11.4
Heinola	vihr	2.6
Ii	vihr	7.7
Iisalmi	vihr	7.9
Iitti	vihr	3.4
Ikaalinen	vihr	4.4
Ilmajoki	vihr	0.0
Ilomantsi	vihr	0.0
Inari	vihr	10.9
Inkoo	vihr	10.6
Isojoki	vihr	0.0
Isokyrö	vihr	0.0
Imatra	vihr	4.1
Janakkala	vihr	10.1
Joensuu	vihr	14.3
Jokioinen	vihr	7.9
Joroinen	vihr	0.0
Joutsa	vihr	7.4
Juuka	vihr	4.7
Juupajoki	vihr	6.3
Juva	vihr	0.0
Jyväskylä	vihr	19.8
Jämijärvi	vihr	0.0
Jämsä	vihr	5.5
Järvenpää	vihr	15.5
Kaarina	vihr	18.3
Kaavi	vihr	7.1
Kajaani	vihr	9.2
Kalajoki	vihr	10.1
Kangasala	vihr	14.4
Kangasniemi	vihr	11.8
Kankaanpää	vihr	4.3
Kannonkoski	vihr	11.0
Kannus	vihr	0.0
Karijoki	vihr	0.0
Karkkila	vihr	11.3
Karstula	vihr	0.0
Karvia	vihr	0.0
Kaskinen	vihr	5.8
Kauhajoki	vihr	3.0
Kauhava	vihr	0.8
Kauniainen	vihr	10.3
Kaustinen	vihr	4.6
Keitele	vihr	0.0
Kemi	vihr	3.3
Keminmaa	vihr	0.0
Kempele	vihr	4.4
Kerava	vihr	17.3
Keuruu	vihr	5.0
Kihniö	vihr	0.0
Kinnula	vihr	0.0
Kirkkonummi	vihr	21.4
Kitee	vihr	0.0
Kittilä	vihr	5.2
Kiuruvesi	vihr	0.0
Kivijärvi	vihr	0.0
Kokemäki	vihr	0.0
Kokkola	vihr	5.9
Kolari	vihr	1.3
Konnevesi	vihr	0.0
Kontiolahti	vihr	6.7
Korsnäs	vihr	0.0
Koski Tl	vihr	8.1
Kotka	vihr	11.2
Kouvola	vihr	10.2
Kristiinankaupunki	vihr	0.0
Kruunupyy	vihr	0.0
Kuhmo	vihr	6.0
Kuhmoinen	vihr	0.0
Kuopio	vihr	12.7
Kuortane	vihr	0.0
Kurikka	vihr	4.5
Kustavi	vihr	0.0
Kuusamo	vihr	11.8
Outokumpu	vihr	3.0
Kyyjärvi	vihr	0.0
Kärkölä	vihr	0.0
Kärsämäki	vihr	0.0
Kemijärvi	vihr	0.0
Kemiönsaari	vihr	5.7
Lahti	vihr	11.4
Laihia	vihr	0.0
Laitila	vihr	3.1
Lapinlahti	vihr	3.7
Lappajärvi	vihr	0.0
Lappeenranta	vihr	12.1
Lapinjärvi	vihr	9.8
Lapua	vihr	1.0
Laukaa	vihr	11.7
Lemi	vihr	2.2
Lempäälä	vihr	11.3
Leppävirta	vihr	0.0
Lestijärvi	vihr	0.0
Lieksa	vihr	0.0
Lieto	vihr	12.8
Liminka	vihr	8.9
Liperi	vihr	3.7
Loimaa	vihr	3.8
Loppi	vihr	4.4
Loviisa	vihr	5.6
Luhanka	vihr	0.0
Lumijoki	vihr	0.0
Luoto	vihr	0.0
Luumäki	vihr	0.0
Lohja	vihr	14.3
Parainen	vihr	11.5
Maalahti	vihr	0.0
Marttila	vihr	0.0
Masku	vihr	12.2
Merijärvi	vihr	0.0
Merikarvia	vihr	0.0
Miehikkälä	vihr	0.0
Mikkeli	vihr	11.7
Muhos	vihr	3.3
Multia	vihr	5.3
Muonio	vihr	0.0
Mustasaari	vihr	1.0
Muurame	vihr	8.1
Mynämäki	vihr	0.0
Myrskylä	vihr	6.6
Mäntsälä	vihr	5.5
Mäntyharju	vihr	2.9
Mänttä-Vilppula	vihr	8.3
Naantali	vihr	11.8
Nakkila	vihr	0.0
Nivala	vihr	2.8
Nokia	vihr	20.4
Nousiainen	vihr	0.0
Nurmes	vihr	0.0
Nurmijärvi	vihr	14.1
Närpiö	vihr	0.8
Orimattila	vihr	6.6
Oripää	vihr	0.0
Orivesi	vihr	4.9
Oulainen	vihr	0.0
Oulu	vihr	14.7
Padasjoki	vihr	30.2
Paimio	vihr	8.0
Paltamo	vihr	4.7
Parikkala	vihr	5.9
Parkano	vihr	0.0
Pelkosenniemi	vihr	8.3
Perho	vihr	0.0
Pertunmaa	vihr	0.0
Petäjävesi	vihr	8.7
Pieksämäki	vihr	10.9
Pielavesi	vihr	0.8
Pietarsaari	vihr	3.7
Pedersören kunta	vihr	0.0
Pihtipudas	vihr	0.0
Pirkkala	vihr	15.8
Polvijärvi	vihr	0.0
Pomarkku	vihr	0.0
Pori	vihr	8.9
Pornainen	vihr	7.9
Posio	vihr	0.0
Pudasjärvi	vihr	7.5
Pukkila	vihr	8.2
Punkalaidun	vihr	0.0
Puolanka	vihr	1.2
Puumala	vihr	0.0
Pyhtää	vihr	8.6
Pyhäjoki	vihr	0.6
Pyhäjärvi	vihr	0.0
Pyhäntä	vihr	0.0
Pyhäranta	vihr	0.0
Pälkäne	vihr	7.8
Pöytyä	vihr	4.4
Porvoo	vihr	15.2
Raahe	vihr	2.8
Raisio	vihr	10.3
Rantasalmi	vihr	4.8
Ranua	vihr	0.0
Rauma	vihr	6.5
Rautalampi	vihr	0.0
Rautavaara	vihr	0.0
Rautjärvi	vihr	0.0
Reisjärvi	vihr	0.0
Riihimäki	vihr	11.2
Ristijärvi	vihr	5.4
Rovaniemi	vihr	7.0
Ruokolahti	vihr	3.0
Ruovesi	vihr	3.2
Rusko	vihr	14.3
Rääkkylä	vihr	2.3
Raasepori	vihr	9.5
Saarijärvi	vihr	4.1
Salla	vihr	0.0
Salo	vihr	9.3
Sauvo	vihr	8.3
Savitaipale	vihr	1.7
Savonlinna	vihr	9.3
Savukoski	vihr	0.0
Seinäjoki	vihr	6.8
Sievi	vihr	0.0
Siikainen	vihr	0.0
Siikajoki	vihr	0.0
Siilinjärvi	vihr	9.8
Simo	vihr	0.0
Sipoo	vihr	11.2
Siuntio	vihr	16.7
Sodankylä	vihr	9.6
Soini	vihr	1.4
Somero	vihr	4.4
Sonkajärvi	vihr	0.0
Sotkamo	vihr	1.9
Sulkava	vihr	0.0
Suomussalmi	vihr	1.6
Suonenjoki	vihr	0.0
Sysmä	vihr	0.0
Säkylä	vihr	3.4
Vaala	vihr	0.0
Sastamala	vihr	6.0
Siikalatva	vihr	3.1
Taipalsaari	vihr	5.3
Taivalkoski	vihr	1.4
Taivassalo	vihr	0.0
Tammela	vihr	6.0
Tampere	vihr	20.0
Tervo	vihr	0.0
Tervola	vihr	0.0
Teuva	vihr	0.0
Tohmajärvi	vihr	0.0
Toholampi	vihr	0.0
Toivakka	vihr	2.3
Tornio	vihr	2.7
Turku	vihr	19.6
Pello	vihr	1.7
Tuusniemi	vihr	7.4
Tuusula	vihr	6.8
Tyrnävä	vihr	0.0
Ulvila	vihr	4.3
Urjala	vihr	3.5
Utajärvi	vihr	0.0
Utsjoki	vihr	0.0
Uurainen	vihr	0.0
Uusikaarlepyy	vihr	0.0
Uusikaupunki	vihr	2.1
Vaasa	vihr	7.7
Valkeakoski	vihr	4.2
Valtimo	vihr	4.8
Varkaus	vihr	2.8
Vehmaa	vihr	0.0
Vesanto	vihr	0.0
Vesilahti	vihr	9.3
Veteli	vihr	1.9
Vieremä	vihr	3.8
Vihti	vihr	9.5
Viitasaari	vihr	5.0
Vimpeli	vihr	1.5
Virolahti	vihr	4.1
Virrat	vihr	0.0
Vöyri	vihr	0.0
Ylitornio	vihr	0.0
Ylivieska	vihr	7.7
Ylöjärvi	vihr	15.7
Ypäjä	vihr	11.7
Ähtäri	vihr	1.5
Äänekoski	vihr	8.2
Alajärvi	rkp	0.0
Alavieska	rkp	0.0
Alavus	rkp	0.0
Asikkala	rkp	0.0
Askola	rkp	0.0
Aura	rkp	0.0
Akaa	rkp	0.0
Enonkoski	rkp	0.0
Enontekiö	rkp	0.0
Espoo	rkp	8.1
Eura	rkp	0.0
Eurajoki	rkp	0.0
Evijärvi	rkp	0.0
Forssa	rkp	0.0
Haapajärvi	rkp	0.0
Haapavesi	rkp	0.0
Hailuoto	rkp	0.0
Halsua	rkp	0.0
Hamina	rkp	0.0
Hankasalmi	rkp	0.0
Hanko	rkp	31.9
Harjavalta	rkp	0.0
Hartola	rkp	0.0
Hattula	rkp	0.0
Hausjärvi	rkp	0.0
Heinävesi	rkp	0.0
Helsinki	rkp	5.8
Vantaa	rkp	2.9
Hirvensalmi	rkp	0.0
Hollola	rkp	0.0
Honkajoki	rkp	0.0
Huittinen	rkp	0.0
Humppila	rkp	0.0
Hyrynsalmi	rkp	0.0
Hyvinkää	rkp	0.3
Hämeenkyrö	rkp	0.0
Hämeenlinna	rkp	0.0
Heinola	rkp	0.0
Ii	rkp	0.0
Iisalmi	rkp	0.0
Iitti	rkp	0.0
Ikaalinen	rkp	0.0
Ilmajoki	rkp	0.0
Ilomantsi	rkp	0.0
Inari	rkp	2.1
Inkoo	rkp	53.5
Isojoki	rkp	0.0
Isokyrö	rkp	0.0
Imatra	rkp	0.0
Janakkala	rkp	0.0
Joensuu	rkp	0.0
Jokioinen	rkp	0.0
Joroinen	rkp	0.0
Joutsa	rkp	0.0
Juuka	rkp	0.0
Juupajoki	rkp	0.0
Juva	rkp	0.0
Jyväskylä	rkp	0.1
Jämijärvi	rkp	0.0
Jämsä	rkp	0.0
Järvenpää	rkp	0.4
Kaarina	rkp	3.7
Kaavi	rkp	0.0
Kajaani	rkp	0.0
Kalajoki	rkp	0.0
Kangasala	rkp	0.0
Kangasniemi	rkp	0.0
Kankaanpää	rkp	0.0
Kannonkoski	rkp	0.0
Kannus	rkp	0.0
Karijoki	rkp	0.0
Karkkila	rkp	0.0
Karstula	rkp	0.0
Karvia	rkp	0.0
Kaskinen	rkp	31.5
Kauhajoki	rkp	0.0
Kauhava	rkp	0.0
Kauniainen	rkp	44.0
Kaustinen	rkp	0.0
Keitele	rkp	0.0
Kemi	rkp	0.0
Keminmaa	rkp	0.0
Kempele	rkp	0.0
Kerava	rkp	1.3
Keuruu	rkp	0.0
Kihniö	rkp	0.0
Kinnula	rkp	0.0
Kirkkonummi	rkp	21.9
Kitee	rkp	0.0
Kittilä	rkp	0.0
Kiuruvesi	rkp	0.0
Kivijärvi	rkp	0.0
Kokemäki	rkp	0.0
Kokkola	rkp	11.4
Kolari	rkp	0.0
Konnevesi	rkp	0.0
Kontiolahti	rkp	0.0
Korsnäs	rkp	94.7
Koski Tl	rkp	0.0
Kotka	rkp	1.2
Kouvola	rkp	0.0
Kristiinankaupunki	rkp	55.3
Kruunupyy	rkp	55.9
Kuhmo	rkp	0.0
Kuhmoinen	rkp	0.0
Kuopio	rkp	0.0
Kuortane	rkp	0.0
Kurikka	rkp	0.0
Kustavi	rkp	0.0
Kuusamo	rkp	0.0
Outokumpu	rkp	0.0
Kyyjärvi	rkp	0.0
Kärkölä	rkp	0.0
Kärsämäki	rkp	2.0
Kemijärvi	rkp	0.0
Kemiönsaari	rkp	44.9
Lahti	rkp	0.0
Laihia	rkp	0.0
Laitila	rkp	0.0
Lapinlahti	rkp	0.0
Lappajärvi	rkp	0.0
Lappeenranta	rkp	0.0
Lapinjärvi	rkp	38.3
Lapua	rkp	0.0
Laukaa	rkp	0.0
Lemi	rkp	0.0
Lempäälä	rkp	0.0
Leppävirta	rkp	0.0
Lestijärvi	rkp	0.0
Lieksa	rkp	0.0
Lieto	rkp	0.0
Liminka	rkp	0.0
Liperi	rkp	0.0
Loimaa	rkp	0.0
Loppi	rkp	0.0
Loviisa	rkp	47.3
Luhanka	rkp	0.0
Lumijoki	rkp	0.0
Luoto	rkp	37.9
Luumäki	rkp	0.0
Lohja	rkp	2.1
Parainen	rkp	48.3
Maalahti	rkp	71.8
Marttila	rkp	0.0
Masku	rkp	0.0
Merijärvi	rkp	0.0
Merikarvia	rkp	0.0
Miehikkälä	rkp	0.0
Mikkeli	rkp	0.0
Muhos	rkp	0.0
Multia	rkp	0.0
Muonio	rkp	0.0
Mustasaari	rkp	73.1
Muurame	rkp	0.0
Mynämäki	rkp	0.0
Myrskylä	rkp	14.4
Mäntsälä	rkp	0.3
Mäntyharju	rkp	0.0
Mänttä-Vilppula	rkp	0.0
Naantali	rkp	1.3
Nakkila	rkp	0.0
Nivala	rkp	0.0
Nokia	rkp	0.0
Nousiainen	rkp	0.0
Nurmes	rkp	0.0
Nurmijärvi	rkp	0.5
Närpiö	rkp	88.1
Orimattila	rkp	0.0
Oripää	rkp	0.0
Orivesi	rkp	0.0
Oulainen	rkp	0.0
Oulu	rkp	0.4
Padasjoki	rkp	0.0
Paimio	rkp	0.0
Paltamo	rkp	0.0
Parikkala	rkp	0.0
Parkano	rkp	0.0
Pelkosenniemi	rkp	0.0
Perho	rkp	0.0
Pertunmaa	rkp	0.0
Petäjävesi	rkp	0.0
Pieksämäki	rkp	0.0
Pielavesi	rkp	0.0
Pietarsaari	rkp	40.7
Pedersören kunta	rkp	62.2
Pihtipudas	rkp	0.0
Pirkkala	rkp	0.0
Polvijärvi	rkp	0.0
Pomarkku	rkp	0.0
Pori	rkp	0.0
Pornainen	rkp	0.0
Posio	rkp	0.0
Pudasjärvi	rkp	0.0
Pukkila	rkp	0.0
Punkalaidun	rkp	0.0
Puolanka	rkp	0.0
Puumala	rkp	0.0
Pyhtää	rkp	10.0
Pyhäjoki	rkp	0.0
Pyhäjärvi	rkp	1.2
Pyhäntä	rkp	0.0
Pyhäranta	rkp	0.0
Pälkäne	rkp	0.0
Pöytyä	rkp	0.0
Porvoo	rkp	29.7
Raahe	rkp	0.0
Raisio	rkp	1.2
Rantasalmi	rkp	0.0
Ranua	rkp	0.0
Rauma	rkp	0.0
Rautalampi	rkp	0.0
Rautavaara	rkp	0.0
Rautjärvi	rkp	0.0
Reisjärvi	rkp	0.0
Riihimäki	rkp	0.0
Ristijärvi	rkp	0.0
Rovaniemi	rkp	0.0
Ruokolahti	rkp	0.0
Ruovesi	rkp	0.0
Rusko	rkp	0.0
Rääkkylä	rkp	0.0
Raasepori	rkp	47.3
Saarijärvi	rkp	0.0
Salla	rkp	0.0
Salo	rkp	0.7
Sauvo	rkp	0.0
Savitaipale	rkp	0.0
Savonlinna	rkp	0.0
Savukoski	rkp	0.0
Seinäjoki	rkp	0.0
Sievi	rkp	0.0
Siikainen	rkp	0.0
Siikajoki	rkp	0.0
Siilinjärvi	rkp	0.0
Simo	rkp	0.0
Sipoo	rkp	38.5
Siuntio	rkp	29.8
Sodankylä	rkp	0.0
Soini	rkp	0.0
Somero	rkp	0.0
Sonkajärvi	rkp	0.0
Sotkamo	rkp	0.0
Sulkava	rkp	0.0
Suomussalmi	rkp	0.0
Suonenjoki	rkp	0.0
Sysmä	rkp	0.0
Säkylä	rkp	0.0
Vaala	rkp	0.0
Sastamala	rkp	0.0
Siikalatva	rkp	0.0
Taipalsaari	rkp	0.0
Taivalkoski	rkp	0.0
Taivassalo	rkp	0.0
Tammela	rkp	0.0
Tampere	rkp	0.4
Tervo	rkp	0.0
Tervola	rkp	0.0
Teuva	rkp	0.0
Tohmajärvi	rkp	0.0
Toholampi	rkp	0.0
Toivakka	rkp	0.0
Tornio	rkp	0.0
Turku	rkp	5.2
Pello	rkp	0.0
Tuusniemi	rkp	0.0
Tuusula	rkp	0.9
Tyrnävä	rkp	0.0
Ulvila	rkp	0.0
Urjala	rkp	0.0
Utajärvi	rkp	0.0
Utsjoki	rkp	8.7
Uurainen	rkp	0.0
Uusikaarlepyy	rkp	74.7
Uusikaupunki	rkp	0.0
Vaasa	rkp	29.5
Valkeakoski	rkp	0.0
Valtimo	rkp	0.0
Varkaus	rkp	0.0
Vehmaa	rkp	0.0
Vesanto	rkp	0.0
Vesilahti	rkp	0.0
Veteli	rkp	0.0
Vieremä	rkp	0.0
Vihti	rkp	1.5
Viitasaari	rkp	0.0
Vimpeli	rkp	0.0
Virolahti	rkp	0.0
Virrat	rkp	0.0
Vöyri	rkp	92.0
Ylitornio	rkp	0.0
Ylivieska	rkp	0.0
Ylöjärvi	rkp	0.0
Ypäjä	rkp	0.0
Ähtäri	rkp	0.0
Äänekoski	rkp	0.0
Alajärvi	muut	0.8
Alavieska	muut	0.0
Alavus	muut	1.0
Asikkala	muut	23.7
Askola	muut	0.0
Aura	muut	0.0
Akaa	muut	1.9000000000000001
Enonkoski	muut	0.0
Enontekiö	muut	15.7
Espoo	muut	2.0
Eura	muut	0.30000000000000004
Eurajoki	muut	0.0
Evijärvi	muut	0.0
Forssa	muut	1.6
Haapajärvi	muut	7.4
Haapavesi	muut	0.0
Hailuoto	muut	0.0
Halsua	muut	1.7
Hamina	muut	0.4
Hankasalmi	muut	0.0
Hanko	muut	9.0
Harjavalta	muut	0.0
Hartola	muut	0.0
Hattula	muut	0.0
Hausjärvi	muut	0.0
Heinävesi	muut	7.5
Helsinki	muut	4.1
Vantaa	muut	2.0
Hirvensalmi	muut	14.0
Hollola	muut	0.0
Honkajoki	muut	0.0
Huittinen	muut	0.0
Humppila	muut	0.0
Hyrynsalmi	muut	0.0
Hyvinkää	muut	0.7
Hämeenkyrö	muut	0.0
Hämeenlinna	muut	0.6000000000000001
Heinola	muut	21.400000000000002
Ii	muut	0.0
Iisalmi	muut	0.0
Iitti	muut	11.899999999999999
Ikaalinen	muut	0.0
Ilmajoki	muut	0.2
Ilomantsi	muut	6.7
Inari	muut	0.0
Inkoo	muut	0.0
Isojoki	muut	0.0
Isokyrö	muut	0.0
Imatra	muut	0.3
Janakkala	muut	0.2
Joensuu	muut	1.1
Jokioinen	muut	0.0
Joroinen	muut	21.8
Joutsa	muut	0.0
Juuka	muut	0.0
Juupajoki	muut	0.0
Juva	muut	0.0
Jyväskylä	muut	2.9
Jämijärvi	muut	0.0
Jämsä	muut	13.5
Järvenpää	muut	16.5
Kaarina	muut	0.0
Kaavi	muut	13.1
Kajaani	muut	0.8
Kalajoki	muut	0.0
Kangasala	muut	0.0
Kangasniemi	muut	0.0
Kankaanpää	muut	0.4
Kannonkoski	muut	0.0
Kannus	muut	0.0
Karijoki	muut	0.0
Karkkila	muut	4.3
Karstula	muut	0.0
Karvia	muut	0.0
Kaskinen	muut	3.3
Kauhajoki	muut	1.5
Kauhava	muut	0.5
Kauniainen	muut	0.5
Kaustinen	muut	0.0
Keitele	muut	0.0
Kemi	muut	1.4
Keminmaa	muut	21.7
Kempele	muut	0.0
Kerava	muut	0.5
Keuruu	muut	1.4
Kihniö	muut	5.9
Kinnula	muut	0.0
Kirkkonummi	muut	0.3
Kitee	muut	0.0
Kittilä	muut	25.4
Kiuruvesi	muut	0.0
Kivijärvi	muut	0.0
Kokemäki	muut	0.2
Kokkola	muut	0.4
Kolari	muut	17.1
Konnevesi	muut	0.0
Kontiolahti	muut	0.0
Korsnäs	muut	0.0
Koski Tl	muut	0.0
Kotka	muut	0.5
Kouvola	muut	8.2
Kristiinankaupunki	muut	0.0
Kruunupyy	muut	36.0
Kuhmo	muut	0.0
Kuhmoinen	muut	0.0
Kuopio	muut	0.5
Kuortane	muut	0.0
Kurikka	muut	0.0
Kustavi	muut	0.0
Kuusamo	muut	0.0
Outokumpu	muut	0.0
Kyyjärvi	muut	0.0
Kärkölä	muut	53.7
Kärsämäki	muut	0.0
Kemijärvi	muut	0.0
Kemiönsaari	muut	19.9
Lahti	muut	4.9
Laihia	muut	0.0
Laitila	muut	19.4
Lapinlahti	muut	0.3
Lappajärvi	muut	0.0
Lappeenranta	muut	5.8999999999999995
Lapinjärvi	muut	0.0
Lapua	muut	0.0
Laukaa	muut	0.6
Lemi	muut	0.0
Lempäälä	muut	0.0
Leppävirta	muut	1.1
Lestijärvi	muut	0.0
Lieksa	muut	0.0
Lieto	muut	0.0
Liminka	muut	0.0
Liperi	muut	2.8
Loimaa	muut	0.8
Loppi	muut	0.0
Loviisa	muut	0.4
Luhanka	muut	0.0
Lumijoki	muut	0.0
Luoto	muut	0.0
Luumäki	muut	0.0
Lohja	muut	6.7
Parainen	muut	0.5
Maalahti	muut	0.0
Marttila	muut	0.0
Masku	muut	0.6
Merijärvi	muut	0.0
Merikarvia	muut	0.5
Miehikkälä	muut	0.0
Mikkeli	muut	0.0
Muhos	muut	3.5
Multia	muut	0.0
Muonio	muut	0.0
Mustasaari	muut	10.4
Muurame	muut	0.0
Mynämäki	muut	0.0
Myrskylä	muut	0.0
Mäntsälä	muut	6.5
Mäntyharju	muut	11.7
Mänttä-Vilppula	muut	0.0
Naantali	muut	0.0
Nakkila	muut	0.0
Nivala	muut	0.0
Nokia	muut	4.5
Nousiainen	muut	0.0
Nurmes	muut	0.0
Nurmijärvi	muut	0.9
Närpiö	muut	0.0
Orimattila	muut	10.0
Oripää	muut	0.0
Orivesi	muut	0.0
Oulainen	muut	0.0
Oulu	muut	2.7
Padasjoki	muut	1.2
Paimio	muut	0.0
Paltamo	muut	0.0
Parikkala	muut	13.8
Parkano	muut	0.0
Pelkosenniemi	muut	36.2
Perho	muut	0.0
Pertunmaa	muut	31.0
Petäjävesi	muut	0.0
Pieksämäki	muut	1.1
Pielavesi	muut	0.0
Pietarsaari	muut	6.6
Pedersören kunta	muut	0.0
Pihtipudas	muut	16.1
Pirkkala	muut	0.0
Polvijärvi	muut	2.1
Pomarkku	muut	0.9
Pori	muut	1.2
Pornainen	muut	0.0
Posio	muut	16.2
Pudasjärvi	muut	0.0
Pukkila	muut	0.0
Punkalaidun	muut	0.0
Puolanka	muut	5.7
Puumala	muut	0.0
Pyhtää	muut	0.0
Pyhäjoki	muut	4.4
Pyhäjärvi	muut	16.9
Pyhäntä	muut	0.0
Pyhäranta	muut	0.0
Pälkäne	muut	0.0
Pöytyä	muut	0.0
Porvoo	muut	1.1
Raahe	muut	0.2
Raisio	muut	1.0
Rantasalmi	muut	0.0
Ranua	muut	11.3
Rauma	muut	0.30000000000000004
Rautalampi	muut	4.9
Rautavaara	muut	0.0
Rautjärvi	muut	0.0
Reisjärvi	muut	0.0
Riihimäki	muut	0.7
Ristijärvi	muut	0.0
Rovaniemi	muut	0.7
Ruokolahti	muut	0.0
Ruovesi	muut	16.8
Rusko	muut	0.0
Rääkkylä	muut	0.0
Raasepori	muut	0.2
Saarijärvi	muut	0.0
Salla	muut	0.8
Salo	muut	0.2
Sauvo	muut	0.0
Savitaipale	muut	13.7
Savonlinna	muut	0.0
Savukoski	muut	0.0
Seinäjoki	muut	0.5
Sievi	muut	0.0
Siikainen	muut	0.0
Siikajoki	muut	0.0
Siilinjärvi	muut	1.7999999999999998
Simo	muut	5.1
Sipoo	muut	0.8
Siuntio	muut	0.0
Sodankylä	muut	3.0
Soini	muut	0.0
Somero	muut	2.4
Sonkajärvi	muut	3.1
Sotkamo	muut	0.0
Sulkava	muut	0.0
Suomussalmi	muut	0.0
Suonenjoki	muut	0.0
Sysmä	muut	10.3
Säkylä	muut	0.0
Vaala	muut	0.0
Sastamala	muut	0.5
Siikalatva	muut	0.0
Taipalsaari	muut	20.9
Taivalkoski	muut	19.2
Taivassalo	muut	4.0
Tammela	muut	10.8
Tampere	muut	9.4
Tervo	muut	0.0
Tervola	muut	2.3
Teuva	muut	0.0
Tohmajärvi	muut	0.0
Toholampi	muut	0.0
Toivakka	muut	0.0
Tornio	muut	2.8
Turku	muut	3.6
Pello	muut	2.5
Tuusniemi	muut	0.0
Tuusula	muut	25.5
Tyrnävä	muut	0.0
Ulvila	muut	0.0
Urjala	muut	0.0
Utajärvi	muut	0.0
Utsjoki	muut	0.0
Uurainen	muut	0.0
Uusikaarlepyy	muut	0.0
Uusikaupunki	muut	12.799999999999999
Vaasa	muut	1.2
Valkeakoski	muut	5.2
Valtimo	muut	0.0
Varkaus	muut	0.0
Vehmaa	muut	17.1
Vesanto	muut	1.1
Vesilahti	muut	1.0
Veteli	muut	11.1
Vieremä	muut	25.3
Vihti	muut	1.8
Viitasaari	muut	5.7
Vimpeli	muut	28.9
Virolahti	muut	0.0
Virrat	muut	11.7
Vöyri	muut	0.0
Ylitornio	muut	0.0
Ylivieska	muut	0.0
Ylöjärvi	muut	0.3
Ypäjä	muut	0.0
Ähtäri	muut	0.0
Äänekoski	muut	0.0
